geneid,baseMean,log2FoldChange,lfcSE,stat,pvalue,padj
Zm00001d025855,149.537777,-10.55453663,1.267253644,-8.328669384,8.18E-17,5.19E-15
Zm00001d028341,77.12329509,-9.599024387,1.292936552,-7.42420374,1.13E-13,4.76E-12
Zm00001d021770,61.62306055,-9.274463119,1.324296059,-7.003315503,2.50E-12,8.50E-11
Zm00001d018276,51.86075753,-9.02599228,1.305444104,-6.914116238,4.71E-12,1.53E-10
Zm00001d004238,49.55697385,-8.960104015,1.478511094,-6.060221024,1.36E-09,2.89E-08
Zm00001d011745,42.1853326,-8.729241375,1.384151433,-6.306565284,2.85E-10,6.88E-09
Zm00001d049678,42.21177437,-8.728518286,1.427957563,-6.112589416,9.80E-10,2.13E-08
Zm00001d005986,39.42533281,-8.630029116,1.56046153,-5.530433754,3.19E-08,5.23E-07
Zm00001d009034,29.4502283,-8.210584999,1.385952527,-5.924145914,3.14E-09,6.24E-08
Zm00001d029705,26.95233899,-8.08302939,1.47071502,-5.495986158,3.89E-08,6.24E-07
Zm00001d004127,26.78746225,-8.071832793,1.712944186,-4.712256745,2.45E-06,2.54E-05
Zm00001d026104,26.70040747,-8.067523866,1.444629152,-5.584494716,2.34E-08,3.93E-07
Zm00001d024352,24.48472644,-7.942889056,2.561468385,-3.100912392,0.001929254,0.008496621
Zm00001d016669,24.27705003,-7.930072741,1.571550522,-5.04601833,4.51E-07,5.73E-06
Zm00001d040373,23.04658976,-7.854889884,1.843985113,-4.259736063,2.05E-05,0.000166041
Zm00001d047228,22.23268578,-7.804393052,1.43283079,-5.446835108,5.13E-08,8.02E-07
Zm00001d041161,22.15015639,-7.80011663,1.526475369,-5.109886991,3.22E-07,4.23E-06
Zm00001d038005,22.1053671,-7.795287126,1.575329764,-4.948352596,7.48E-07,8.93E-06
Zm00001d012251,21.65271826,-7.767267277,1.497651822,-5.186297083,2.15E-07,2.94E-06
Zm00001d003668,19.58539544,-7.620060392,1.812287755,-4.204663621,2.61E-05,0.000205735
Zm00001d035265,17.66364843,-7.472209281,1.515795832,-4.929561834,8.24E-07,9.72E-06
Zm00001d010228,17.53259051,-7.461477936,2.470484111,-3.020249312,0.002525667,0.01067798
Zm00001d032072,17.46006401,-7.457128368,1.636915504,-4.555597617,5.22E-06,4.93E-05
Zm00001d047224,17.36570744,-7.449281871,1.608725924,-4.630547541,3.65E-06,3.59E-05
Zm00001d025507,17.17473698,-7.430187067,1.823462514,-4.074768201,4.61E-05,0.000339917
Zm00001d001818,17.07342099,-7.422029373,1.617230878,-4.589344338,4.45E-06,4.28E-05
Zm00001d014806,16.83287789,-7.404254346,1.719647331,-4.305681875,1.66E-05,0.000138501
Zm00001d028876,16.74173678,-7.393968109,1.683440784,-4.39217594,1.12E-05,9.73E-05
Zm00001d045258,16.48049243,-7.372046891,1.853131523,-3.978156326,6.95E-05,0.000485921
Zm00001d020446,16.28325766,-7.354926182,1.594053258,-4.613977698,3.95E-06,3.85E-05
Zm00001d033152,16.01618776,-7.332243398,1.64534047,-4.456368474,8.34E-06,7.49E-05
Zm00001d005124,15.71024955,-7.302556525,1.558768785,-4.68482343,2.80E-06,2.85E-05
Zm00001d042795,15.57754343,-7.291830901,1.595943482,-4.568978152,4.90E-06,4.66E-05
Zm00001d001885,15.38517672,-7.274457133,1.632629941,-4.455668091,8.36E-06,7.51E-05
Zm00001d023321,15.33595276,-7.267592321,1.778791262,-4.085691491,4.39E-05,0.000326299
Zm00001d042766,15.30386214,-7.26567901,1.580045174,-4.598399544,4.26E-06,4.11E-05
Zm00001d039669,15.21559318,-7.256441398,1.752285544,-4.141129522,3.46E-05,0.000263583
Zm00001d045279,14.55909818,-7.194322854,1.556093704,-4.623322385,3.78E-06,3.70E-05
Zm00001d037172,14.53222871,-7.190010102,2.631946226,-2.73182257,0.006298505,0.022994627
Zm00001d004744,14.50240078,-7.186085495,1.919195177,-3.744322402,0.000180881,0.001117247
Zm00001d022351,14.28985662,-7.165226936,1.946811636,-3.680493173,0.000232783,0.001391082
Zm00001d042047,14.14349402,-7.150636774,1.792292783,-3.989658855,6.62E-05,0.000466503
Zm00001d016963,14.0047006,-7.135892988,1.996631694,-3.573965599,0.000351615,0.001977199
Zm00001d000233,13.97730167,-7.134640936,2.551197694,-2.796584895,0.005164584,0.019425835
Zm00001d032510,13.37516107,-7.070647876,1.641323805,-4.307893333,1.65E-05,0.00013735
Zm00001d047752,13.36185736,-7.068946437,2.612408541,-2.705911547,0.006811719,0.024551835
Zm00001d034322,13.33594001,-7.066442309,2.570771423,-2.748763366,0.005982056,0.02201167
Zm00001d052804,12.78850122,-7.007002967,1.754627448,-3.993442011,6.51E-05,0.000460082
Zm00001d048601,12.35159076,-6.954530591,1.863090589,-3.732792507,0.000189369,0.001162798
Zm00001d012615,12.09991592,-6.926487815,1.938875193,-3.572425828,0.00035369,0.001986285
Zm00001d048658,11.42915501,-6.843454812,2.673738606,-2.559507798,0.01048205,0.035300052
Zm00001d019258,11.23870296,-6.821508315,1.797613587,-3.794757875,0.000147788,0.000940318
Zm00001d026206,11.13503893,-6.806036585,1.736097969,-3.92030675,8.84E-05,0.000602883
Zm00001d025041,11.03485681,-6.793374597,1.643536903,-4.13338732,3.57E-05,0.000271532
Zm00001d025059,10.42210354,-6.709826539,1.844242547,-3.638256015,0.00027449,0.001598066
Zm00001d045787,10.4027979,-6.707721085,2.699913303,-2.484420917,0.012976233,0.042108847
Zm00001d002758,10.2837432,-6.692902533,2.6602454,-2.515896667,0.011872999,0.039102327
Zm00001d039977,9.875446172,-6.631375386,2.108854538,-3.144539022,0.001663487,0.007483841
Zm00001d038490,9.821525163,-6.625380201,1.724234276,-3.842505797,0.000121785,0.000792777
Zm00001d011083,9.683774908,-6.603134117,1.934055891,-3.41413821,0.000639841,0.003308975
Zm00001d004417,9.631159105,-6.59739261,1.758035395,-3.752707499,0.000174935,0.001087165
Zm00001d017428,9.559590416,-6.58498037,1.927797293,-3.415805383,0.000635937,0.003290305
Zm00001d025762,9.392007194,-6.560695031,1.727596797,-3.797584624,0.000146113,0.000931147
Zm00001d040624,9.341916134,-6.553299462,1.709529156,-3.833394383,0.000126387,0.000820716
Zm00001d032854,9.249907931,-6.537746281,1.773216544,-3.686941847,0.000226965,0.001361262
Zm00001d022459,9.126242497,-6.520987719,1.777621932,-3.668377175,0.000244095,0.001449221
Zm00001d022430,9.106070074,-6.515038961,2.057167851,-3.166994349,0.001540233,0.007018933
Zm00001d052064,9.052844502,-6.509677987,1.827233105,-3.562587592,0.000367217,0.002049722
Zm00001d001066,8.897441527,-6.480782879,2.135005517,-3.03548765,0.002401471,0.010228523
Zm00001d053895,8.861697337,-6.478388108,1.771833215,-3.656319373,0.000255863,0.001506984
Zm00001d045514,8.848741343,-6.472924457,2.102822124,-3.078208273,0.002082493,0.009058307
Zm00001d052999,8.700378098,-6.449871736,1.764485466,-3.655383885,0.000256797,0.001511022
Zm00001d031772,8.57141121,-6.430020087,1.984679762,-3.239827508,0.00119602,0.005667633
Zm00001d051478,8.527579092,-6.423172316,1.810217243,-3.548288108,0.000387744,0.002149255
Zm00001d042756,8.463574551,-6.409096742,1.936703359,-3.309281575,0.000935357,0.004591795
Zm00001d029558,8.429397617,-6.40595788,1.931193194,-3.317098413,0.000909576,0.004480978
Zm00001d009732,8.394520523,-6.399308667,2.151664555,-2.974120038,0.002938301,0.012143028
Zm00001d027673,8.389652457,-6.398561894,1.771161106,-3.612636858,0.000303099,0.001741541
Zm00001d025121,8.344343794,-6.390004117,1.817348989,-3.516112841,0.000437915,0.002383119
Zm00001d027958,8.294424073,-6.383336007,1.996301135,-3.197581716,0.001385851,0.006421613
Zm00001d038443,8.147804464,-6.357063542,1.794471476,-3.542582665,0.000396229,0.002186692
Zm00001d007445,8.108235684,-6.347313098,1.915164911,-3.314238404,0.000918931,0.004517743
Zm00001d048227,8.032489326,-6.335056737,1.78616116,-3.546744202,0.000390023,0.002160843
Zm00001d021682,8.013617068,-6.331134881,2.016912006,-3.139023846,0.001695117,0.007613706
Zm00001d043672,7.944220363,-6.317768549,2.181728405,-2.895763072,0.003782379,0.014984399
Zm00001d012332,7.599146449,-6.25513109,2.085037589,-3.000008788,0.002699718,0.011314402
Zm00001d011868,7.532269445,-6.241511732,1.865718491,-3.345366283,0.00082174,0.004109919
Zm00001d026147,7.480177741,-6.233093559,1.865238003,-3.341714864,0.000832625,0.004152714
Zm00001d021266,7.343294263,-6.205129731,1.877057449,-3.305775076,0.000947141,0.004638373
Zm00001d032745,47.82591499,-6.151230329,1.578895847,-3.895906333,9.78E-05,0.000656453
Zm00001d021942,7.009785786,-6.137170471,1.948363547,-3.149910333,0.001633206,0.007370867
Zm00001d019405,6.984044818,-6.132174451,1.993594166,-3.075939204,0.002098406,0.00912098
Zm00001d049716,6.965172561,-6.127677623,2.105802211,-2.90990179,0.003615423,0.014439303
Zm00001d023061,6.964824842,-6.127514182,2.076641736,-2.950684307,0.003170708,0.012948126
Zm00001d010623,6.908036411,-6.119370169,1.908974795,-3.205579344,0.001347909,0.006270724
Zm00001d016840,6.89046936,-6.113254442,1.915453252,-3.19154458,0.001415143,0.006539375
Zm00001d021724,6.886296732,-6.112570258,2.015200832,-3.03323131,0.002419501,0.010295191
Zm00001d044806,6.868467631,-6.10783399,2.011745245,-3.036087201,0.0023967,0.010213947
Zm00001d022549,6.84742339,-6.102614371,2.316399702,-2.634525624,0.008425494,0.029416923
Zm00001d025781,6.808897449,-6.098921548,2.081826396,-2.929601411,0.00339397,0.013708402
Zm00001d015721,6.722452749,-6.079093687,1.940378569,-3.132942088,0.001730636,0.007741122
Zm00001d015283,6.605051298,-6.05209988,1.971487184,-3.069814468,0.002141918,0.009275523
Zm00001d044775,6.554960238,-6.041428714,1.89973154,-3.180148661,0.001471995,0.006756732
Zm00001d004306,6.485125103,-6.027773723,2.153345186,-2.799260314,0.005121983,0.019284742
Zm00001d039895,6.480257037,-6.027060041,1.927640163,-3.126652037,0.001768091,0.007881903
Zm00001d048246,6.388163165,-6.00342271,2.095678483,-2.864667819,0.004174469,0.01625019
Zm00001d021321,6.391554685,-6.003313299,2.177005503,-2.757601344,0.005822716,0.021522037
Zm00001d047698,6.317199203,-5.987539082,1.955222486,-3.062331332,0.002196202,0.009475401
Zm00001d011895,6.128486071,-5.942955668,2.062246837,-2.881786778,0.003954272,0.015528639
Zm00001d033308,6.074741441,-5.933475907,1.950439372,-3.04212271,0.002349161,0.010046666
Zm00001d044827,6.047695267,-5.928076756,2.210611633,-2.681645508,0.007326105,0.026067963
Zm00001d051118,6.030737984,-5.920458134,2.017570498,-2.9344492,0.003341402,0.013543002
Zm00001d007513,11.98548014,-5.919450411,1.537650982,-3.849671011,0.000118277,0.000772596
Zm00001d003272,5.838023563,-5.875486141,1.94689812,-3.017870366,0.002545578,0.010752592
Zm00001d006841,5.81402119,-5.869815453,1.952136116,-3.006867916,0.002639544,0.011102339
Zm00001d050548,5.818108149,-5.8692355,2.040207126,-2.876784138,0.004017503,0.015734139
Zm00001d014123,5.700706697,-5.838406065,2.181061029,-2.676865061,0.007431456,0.026361551
Zm00001d025409,5.645918911,-5.827686779,1.991954833,-2.925611908,0.003437795,0.013855288
Zm00001d048197,5.628351859,-5.820379183,2.11614944,-2.75045754,0.00595121,0.021922124
Zm00001d029428,5.57799875,-5.809294027,1.996805193,-2.90929433,0.003622456,0.014457866
Zm00001d031771,5.479817275,-5.783191304,2.133236643,-2.710993795,0.006708188,0.024250772
Zm00001d038647,5.436942645,-5.770670115,2.091067561,-2.759676551,0.005785861,0.021411926
Zm00001d031549,5.408243545,-5.76656865,2.076779798,-2.77668757,0.005491594,0.020472905
Zm00001d009899,5.3351076,-5.746111923,2.069219952,-2.77694593,0.005487231,0.020461672
Zm00001d028567,5.334412162,-5.74587787,2.118413723,-2.712349249,0.006680816,0.024169116
Zm00001d047616,5.333716724,-5.745626206,2.191752546,-2.621475776,0.008754998,0.030402755
Zm00001d052807,5.337803682,-5.74511421,2.072556261,-2.771994333,0.005571401,0.020746701
Zm00001d037019,5.270145571,-5.725014547,2.337327662,-2.449384671,0.014310053,0.045717655
Zm00001d000734,5.215791173,-5.714623556,2.178608396,-2.623061385,0.008714357,0.030281392
Zm00001d042763,5.2204879,-5.712579125,2.048702882,-2.78838829,0.005297101,0.019860198
Zm00001d040581,5.056472579,-5.665335936,2.22473568,-2.546520913,0.010880269,0.036382401
Zm00001d018483,5.055081703,-5.664949845,2.224719644,-2.546365723,0.010885108,0.036394566
Zm00001d020033,5.006381519,-5.651376576,2.19823454,-2.570870611,0.010144322,0.034368908
Zm00001d026431,4.86306272,-5.610882735,2.0767095,-2.701813968,0.006896234,0.024829882
Zm00001d016154,4.816015461,-5.595603938,2.141036077,-2.613502872,0.008961933,0.031014755
Zm00001d020163,30.90476139,-5.593353502,1.467014755,-3.812745226,0.000137432,0.000881944
Zm00001d000214,4.788273849,-5.589522805,2.110640926,-2.648258516,0.008090763,0.02835275
Zm00001d023353,9.455069259,-5.583641462,1.624132215,-3.437922979,0.000586194,0.003070821
Zm00001d003293,4.671305786,-5.553386202,2.081218377,-2.668334214,0.007622839,0.026959232
Zm00001d027979,4.52346664,-5.508809843,2.271309604,-2.425389227,0.015291982,0.048259546
Zm00001d044479,4.526162722,-5.507803321,2.216629452,-2.484765018,0.012963697,0.042081686
Zm00001d041315,4.503551225,-5.500877107,2.108818718,-2.608511135,0.009093705,0.031399079
Zm00001d043951,4.478157976,-5.493070276,2.170765015,-2.530476693,0.011390765,0.037814097
Zm00001d042581,4.477462539,-5.492822312,2.240590921,-2.4515061,0.014225978,0.045504479
Zm00001d025704,4.434240189,-5.477309606,2.145366301,-2.553088301,0.010677242,0.035841903
Zm00001d000238,29.15365118,-5.466078059,1.189116263,-4.596756624,4.29E-06,4.14E-05
Zm00001d007100,4.36249512,-5.452836663,2.252296002,-2.42101245,0.015477347,0.048753161
Zm00001d018709,4.337882978,-5.447046882,2.145298521,-2.539062433,0.011114999,0.037040626
Zm00001d052654,4.266137909,-5.421765062,2.162896536,-2.506714941,0.012185894,0.039950639
Zm00001d033769,4.146126045,-5.382501131,2.178004919,-2.471298887,0.013462325,0.04346289
Zm00001d025036,27.07101864,-5.346569232,1.135499884,-4.708559909,2.49E-06,2.58E-05
Zm00001d018449,4.002721576,-5.331647087,2.196757167,-2.427053462,0.015222013,0.048078781
Zm00001d011630,6.756644376,-5.090324856,1.760313548,-2.891714867,0.003831455,0.015146416
Zm00001d047860,11.07471445,-5.02823957,1.587698904,-3.1669982,0.001540213,0.007018933
Zm00001d004957,21.43710328,-5.02395269,1.259183078,-3.989850862,6.61E-05,0.000466234
Zm00001d021324,22.04967651,-5.004363253,1.479191982,-3.383173593,0.000716533,0.003659826
Zm00001d037973,44.19499614,-4.982537878,1.422064956,-3.503734381,0.000458783,0.002479471
Zm00001d028725,19.75033619,-4.951534315,1.648725825,-3.003249078,0.002671137,0.011217888
Zm00001d036357,19.51449013,-4.94329443,1.74991216,-2.824881467,0.004729811,0.018057031
Zm00001d012281,10.75859481,-4.921502295,1.552434451,-3.170183638,0.001523426,0.006956988
Zm00001d020757,10.20715001,-4.847559819,1.604992688,-3.020300251,0.002525242,0.010677674
Zm00001d012418,42.70215753,-4.845214839,1.470496364,-3.294951935,0.000984385,0.004792888
Zm00001d020442,19.33777122,-4.798469431,1.319697045,-3.636038628,0.000276863,0.00161064
Zm00001d032071,9.61248789,-4.75405125,1.550743299,-3.065659709,0.002171903,0.00938251
Zm00001d004847,44.9879795,-4.738495176,1.430753258,-3.31188844,0.000926685,0.004552171
Zm00001d022155,9.49473872,-4.73726359,1.629214147,-2.907698535,0.003640991,0.01452037
Zm00001d006525,17.72049123,-4.681985148,1.526262451,-3.067614711,0.002157746,0.009336064
Zm00001d032453,67.222536,-4.601675358,1.2853021,-3.580228614,0.000343294,0.001935793
Zm00001d023228,15.84518203,-4.509803315,1.462223606,-3.084209074,0.002040941,0.008909533
Zm00001d047163,9.697365828,-4.440136028,1.60248479,-2.77078201,0.005592185,0.020801858
Zm00001d007781,17.78580591,-4.3614268,1.480736734,-2.945443779,0.003224917,0.013135872
Zm00001d039826,25.00653559,-4.29364006,1.366387616,-3.14232946,0.001676093,0.007532727
Zm00001d043798,13.46035021,-4.267087048,1.511595926,-2.822901924,0.004759113,0.018143343
Zm00001d015339,13.79724334,-4.242695253,1.707951991,-2.484083437,0.012988537,0.042139753
Zm00001d035005,12.26458562,-4.124090736,1.470750232,-2.804072811,0.005046151,0.019044177
Zm00001d048888,14.75726407,-4.077725281,1.474229726,-2.766003974,0.005674784,0.021049693
Zm00001d041258,16.23481932,-4.061004343,1.460178775,-2.781169273,0.005416349,0.020229712
Zm00001d017713,13.53764089,-4.048054676,1.470876046,-2.752138555,0.005920746,0.021826739
Zm00001d011643,79.8694851,-4.04022466,0.950641034,-4.250000278,2.14E-05,0.00017241
Zm00001d042802,66.60512294,-3.959933297,0.975787612,-4.05819181,4.95E-05,0.000361095
Zm00001d021583,24.15089717,-3.959792427,0.969392049,-4.084820409,4.41E-05,0.000327285
Zm00001d019642,26.58122583,-3.950520269,0.858262977,-4.60292518,4.17E-06,4.03E-05
Zm00001d052390,26.25523776,-3.950076865,1.052642008,-3.752535842,0.000175055,0.001087687
Zm00001d053643,10.20769877,-3.849380545,1.544071675,-2.493006385,0.012666657,0.041289923
Zm00001d034875,27.23306496,-3.836324713,1.439185197,-2.665622687,0.007684589,0.02714278
Zm00001d053706,52.87976267,-3.780142426,1.298403183,-2.911377971,0.003598384,0.014386417
Zm00001d024693,48.12033443,-3.73997643,1.471639475,-2.541367294,0.011041985,0.036833759
Zm00001d002216,20.59568972,-3.710310946,1.463435105,-2.535343681,0.011233705,0.037380331
Zm00001d039822,18.16779723,-3.695424272,1.512527289,-2.443211637,0.014557198,0.046353976
Zm00001d010371,20.37236154,-3.692803694,1.461745827,-2.526296725,0.011527208,0.038166718
Zm00001d015609,16.84716204,-3.634986387,1.465626775,-2.480158283,0.013132407,0.042556413
Zm00001d016354,35.5338752,-3.586518255,0.719284262,-4.986232069,6.16E-07,7.54E-06
Zm00001d016607,14.64592824,-3.571437535,1.143610098,-3.122950332,0.00179048,0.007962971
Zm00001d048219,26.83750229,-3.567164592,0.919850258,-3.877984012,0.000105326,0.000699149
Zm00001d002186,22.37038625,-3.53933253,1.094836497,-3.232749858,0.001226049,0.005783947
Zm00001d040061,29.99593308,-3.505828257,0.90611098,-3.869093668,0.000109241,0.000721188
Zm00001d044581,31.25687789,-3.419048245,1.093857171,-3.125680696,0.00177394,0.007902101
Zm00001d003414,14.68947826,-3.376419516,1.011753646,-3.337195303,0.000846285,0.004211829
Zm00001d032753,46.86247935,-3.281454784,0.769986235,-4.261705775,2.03E-05,0.000164672
Zm00001d025446,16.79174722,-3.262620865,1.101034112,-2.963233227,0.003044258,0.012510972
Zm00001d012774,37.94191571,-3.2609633,0.696481737,-4.682051411,2.84E-06,2.88E-05
Zm00001d020752,18.70803816,-3.148506876,0.96822225,-3.251843134,0.001146593,0.005469324
Zm00001d034324,23.19027902,-3.145332977,1.184171089,-2.656147415,0.007903906,0.027775011
Zm00001d044690,64.66080831,-3.137465715,0.515833363,-6.082324144,1.18E-09,2.55E-08
Zm00001d039764,33.96318277,-2.945275481,1.131042525,-2.604036026,0.009213307,0.031725304
Zm00001d039697,16.09792202,-2.897251383,1.145516115,-2.529210497,0.011431944,0.037913426
Zm00001d025082,22.19944633,-2.868764532,0.770423683,-3.723619348,0.000196387,0.001197403
Zm00001d010452,15.60741136,-2.714576156,1.047684492,-2.591024471,0.009569069,0.032756822
Zm00001d010802,15.12776255,-2.694845533,1.057278355,-2.548851512,0.010807831,0.036196082
Zm00001d012452,44.1645379,-2.595471153,0.982323919,-2.642174441,0.008237562,0.028823858
Zm00001d015852,27.3883581,-2.490231738,0.753996857,-3.30270838,0.000957559,0.004676548
Zm00001d031384,26.2816919,-2.469023411,0.777805302,-3.174346335,0.001501744,0.006869356
Zm00001d009473,47.55347649,-2.453056286,0.605284296,-4.052734068,5.06E-05,0.000368738
Zm00001d043058,15.45860011,-2.378794802,0.929016336,-2.560552178,0.010450597,0.035211435
Zm00001d040755,33.43582102,-2.324702011,0.798399153,-2.911704004,0.003594631,0.014377101
Zm00001d054075,18.12260719,-2.323250074,0.859950116,-2.701610279,0.006900459,0.024841727
Zm00001d011365,26.45024615,-2.276308266,0.858387948,-2.651840898,0.008005425,0.028099182
Zm00001d005750,71.37305864,-2.246842738,0.578763282,-3.882144579,0.000103539,0.000690011
Zm00001d030347,31.4289203,-2.235095337,0.765445559,-2.91999256,0.003500397,0.014070762
Zm00001d052543,64.10466762,-2.204168191,0.653991263,-3.370332781,0.000750775,0.003805222
Zm00001d005743,29.68263209,-2.150302469,0.859828388,-2.500850751,0.012389538,0.040508577
Zm00001d021469,26.57782774,-2.042098696,0.828549314,-2.464667657,0.013714039,0.044139195
Zm00001d036449,48.98013034,-2.018582608,0.571038918,-3.53493001,0.000407883,0.002242026
Zm00001d007016,52.90675658,-2.015831684,0.601576804,-3.350913249,0.000805455,0.004040474
Zm00001d052542,32.88364661,-2.014590057,0.8019926,-2.511980856,0.01200556,0.039470281
Zm00001d051504,234.2010086,-1.976596446,0.553042394,-3.57404146,0.000351513,0.001976993
Zm00001d027538,23.7798869,-1.963303378,0.76570537,-2.56404546,0.010345999,0.034938929
Zm00001d028125,29.76542824,-1.924647346,0.710362674,-2.709386931,0.006740768,0.02433952
Zm00001d024275,203.3415013,-1.855007193,0.329487782,-5.629972617,1.80E-08,3.09E-07
Zm00001d019269,26.33192594,-1.760100029,0.668656234,-2.632294351,0.008481035,0.029576768
Zm00001d048209,34.30141539,-1.700937905,0.582955451,-2.917783686,0.003525288,0.0141483
Zm00001d028365,64.69844849,-1.652335442,0.536448315,-3.080139121,0.002069039,0.009006249
Zm00001d000364,51.56842092,-1.59925613,0.632192516,-2.529697978,0.011416075,0.037877374
Zm00001d052493,47.39207416,-1.50930126,0.62613181,-2.41051682,0.015929937,0.049923646
Zm00001d006358,23.15567314,-1.507918045,0.607831493,-2.480815921,0.013108205,0.042487068
Zm00001d003525,98.16174006,-1.340335463,0.483969982,-2.769459911,0.005614931,0.020876221
Zm00001d000366,73.24241939,-1.326470179,0.527825478,-2.513084787,0.011968057,0.039376881
Zm00001d032906,35.21429016,-1.317403435,0.523650539,-2.515806509,0.011876036,0.039108081
Zm00001d002149,336.393341,-1.069154275,0.249484703,-4.285450214,1.82E-05,0.000149876
Zm00001d018365,181.4329982,-1.022466422,0.316478073,-3.230765445,0.001234592,0.005820384
Zm00001d038928,109.731217,1.262152334,0.345427943,3.653880235,0.000258307,0.001518724
Zm00001d031561,94.03287892,1.264169984,0.485528576,2.603698413,0.009222387,0.03174575
Zm00001d043906,189.0988901,1.302170039,0.531069884,2.451974928,0.014207456,0.045456698
Zm00001d016081,95.54401481,1.360914795,0.519848488,2.617906616,0.008847101,0.030676901
Zm00001d043187,36.47730128,1.519078248,0.586084457,2.591910143,0.00954447,0.032691076
Zm00001d003153,195.4863001,1.519329888,0.283297888,5.363011696,8.18E-08,1.22E-06
Zm00001d049607,59.12865407,1.571094144,0.630349409,2.492417891,0.012687666,0.041336179
Zm00001d027304,119.0510857,1.582311876,0.54221891,2.918215959,0.003520404,0.01413057
Zm00001d004621,33.83764681,1.731409008,0.70489883,2.456251781,0.014039475,0.044990744
Zm00001d045445,31.64229418,1.731446393,0.578229196,2.994394617,0.0027499,0.011496101
Zm00001d030323,31.83648871,1.761069977,0.626984823,2.808792035,0.004972776,0.018823512
Zm00001d003670,59.53526482,1.793017785,0.696064171,2.575937479,0.009996872,0.033941436
ZemaCp018,290.7491028,1.804161213,0.497592256,3.625782342,0.000288088,0.001665711
Zm00001d029387,65.94699908,1.80523266,0.715470587,2.523140284,0.011631199,0.038464813
Zm00001d003464,27.53111713,1.847420975,0.663380674,2.784857998,0.005355117,0.020035581
Zm00001d019374,68.05937916,1.872589516,0.434796497,4.306818316,1.66E-05,0.000137906
Zm00001d006476,51.25441474,1.872952024,0.562316849,3.330776995,0.00086604,0.00429393
Zm00001d022998,401.9415771,1.903999016,0.257339206,7.398791059,1.37E-13,5.68E-12
Zm00001d011229,32.70532588,1.940770596,0.71326965,2.720949356,0.006509473,0.023650878
Zm00001d000220,15.63598047,2.003559307,0.815131741,2.457957662,0.013972965,0.044801289
Zm00001d007018,21.92606299,2.016824821,0.706996187,2.852667184,0.0043354,0.016796835
Zm00001d032806,58.53384614,2.0721263,0.748849771,2.767078765,0.005656109,0.020993265
Zm00001d011562,107.1528447,2.076418657,0.5828109,3.562765653,0.000366968,0.002049086
Zm00001d031530,84.32696913,2.111114744,0.475121396,4.443316515,8.86E-06,7.90E-05
Zm00001d007205,51.47650553,2.116613442,0.849174939,2.492552882,0.012682844,0.041329355
Zm00001d048142,20.2632882,2.122896382,0.816611318,2.599641144,0.009332129,0.032043699
Zm00001d014261,93.94385771,2.151687707,0.590945646,3.641092409,0.000271484,0.001583907
Zm00001d027296,75.84711555,2.166218011,0.467559254,4.633034192,3.60E-06,3.56E-05
Zm00001d011687,62.8262477,2.174182599,0.620543867,3.50367269,0.000458889,0.002479471
Zm00001d047680,37.07526935,2.184776767,0.696057587,3.138787376,0.001696485,0.007618723
Zm00001d044821,16.01227406,2.251548024,0.925994334,2.431492226,0.015036771,0.047607802
Zm00001d019613,52.05465038,2.257240327,0.750986032,3.005702147,0.002649684,0.011137051
Zm00001d047162,32.73162647,2.294117951,0.661573745,3.467667768,0.000524996,0.002783783
Zm00001d009402,26.61634561,2.364092832,0.628697273,3.760303937,0.000169707,0.001057711
Zm00001d047940,122.2956285,2.367781447,0.438276971,5.402477435,6.57E-08,1.01E-06
Zm00001d050466,21.06269765,2.399881424,0.861032179,2.787214559,0.005316327,0.019912804
Zm00001d047990,97.88186341,2.433458184,0.805629768,3.020566368,0.002523024,0.010672762
Zm00001d017786,28.64332101,2.468064504,0.908300183,2.717234401,0.006582997,0.023872224
Zm00001d013868,27.20281465,2.486607634,0.784799109,3.168463884,0.001532468,0.006991957
Zm00001d044293,58.96910646,2.50233702,0.824113947,3.036396884,0.00239424,0.010204896
Zm00001d005003,22.53101276,2.517060325,0.777772999,3.236240304,0.001211154,0.005728599
Zm00001d026055,41.27381802,2.536661652,0.587353647,4.318797826,1.57E-05,0.000131424
Zm00001d018609,32.71975975,2.548359656,0.673539865,3.783532035,0.000154618,0.000976115
Zm00001d036510,36.22430647,2.743900078,1.113093935,2.465110977,0.013697082,0.044098668
Zm00001d039324,30.88550103,2.853183205,0.742204174,3.844202585,0.000120945,0.000788158
Zm00001d050090,21.03779417,2.858426933,1.133866196,2.520956126,0.011703644,0.03864957
Zm00001d012553,13.77329634,2.935897186,1.119105662,2.623431624,0.008704892,0.030257473
Zm00001d013468,26.40844662,2.984916309,1.189153679,2.510118214,0.012069075,0.039631809
Zm00001d000380,17.75710909,3.013387677,1.159869117,2.598041135,0.009375726,0.032178562
Zm00001d008728,18.49718324,3.031056021,1.208976998,2.507124641,0.012171778,0.039921794
Zm00001d003399,32.83471194,3.037015597,0.706080078,4.301233942,1.70E-05,0.000140809
Zm00001d048493,27.45070543,3.057665625,1.086523045,2.814174664,0.004890265,0.01855986
Zm00001d028356,10.8242707,3.146105367,1.286749464,2.445002275,0.014485123,0.046179614
Zm00001d020362,37.72474309,3.153939738,1.143588123,2.757933276,0.005816807,0.021505544
Zm00001d050024,16.78409384,3.168161943,1.157593092,2.736852841,0.006203003,0.022692436
Zm00001d047106,21.46800495,3.200250901,0.836288965,3.826728602,0.000129858,0.00083938
Zm00001d021812,25.99382563,3.217393164,0.829877861,3.87694782,0.000105775,0.000701364
Zm00001d004209,33.90853242,3.220821077,0.705585621,4.564748743,5.00E-06,4.74E-05
Zm00001d012216,29.85999168,3.252908722,0.786291832,4.137024689,3.52E-05,0.0002676
Zm00001d028830,15.74220924,3.311136122,1.181797788,2.801778914,0.005082169,0.019153874
Zm00001d039639,31.98090624,3.33687821,1.016817447,3.281688588,0.001031875,0.004989857
Zm00001d006449,26.70196875,3.405021702,1.077063207,3.161394503,0.001570157,0.007127435
zma-MIR528a,10.52856994,3.42122681,1.164777516,2.937236307,0.003311517,0.013436246
Zm00001d028669,25.82128077,3.556323873,1.045040231,3.403049729,0.000666382,0.00343084
Zm00001d023225,53.64258948,3.793817162,0.967451694,3.92145384,8.80E-05,0.00060056
Zm00001d022391,19.52682303,3.813417352,1.483598987,2.570382822,0.010158619,0.03439812
Zm00001d000745,15.90392035,3.825381983,0.939369326,4.072287521,4.66E-05,0.000342891
Zm00001d029432,18.14313865,3.879190776,1.474993703,2.629971075,0.008539213,0.029752272
Zm00001d051594,11.74607804,3.923737863,1.515348206,2.589330854,0.009616265,0.032870123
Zm00001d006111,12.88068743,4.026507079,1.25087851,3.218943363,0.001286639,0.006031978
Zm00001d003089,85.3280078,4.038399578,0.966764185,4.177233333,2.95E-05,0.000229085
Zm00001d000548,11.61341122,4.086159784,1.525983058,2.677722903,0.007412451,0.026312663
Zm00001d049158,10.66099033,4.119998536,1.644577723,2.505201474,0.012238166,0.040093574
Zm00001d052792,11.46150563,4.222363011,1.687795154,2.50170348,0.012359739,0.040430786
Zm00001d032893,30.27823435,4.226621369,0.983366772,4.298112861,1.72E-05,0.000142377
Zm00001d025476,12.13003408,4.305373226,1.487376056,2.894609745,0.003796302,0.015034903
Zm00001d035479,24.53195841,4.333606225,1.367173979,3.169754757,0.001525676,0.006963067
Zm00001d002817,45.72076252,4.333740356,1.391800488,3.11376551,0.001847162,0.008192222
Zm00001d027616,16.28132299,4.418513065,1.438392645,3.071840697,0.002127432,0.009222017
Zm00001d033206,13.06641781,4.427091357,1.568293716,2.822871323,0.004759567,0.018143343
Zm00001d036165,29.55538116,4.435075704,1.379290518,3.215476105,0.001302283,0.006094011
Zm00001d013641,47.06223572,4.440826504,0.921594165,4.818635658,1.45E-06,1.59E-05
Zm00001d021965,10.55152492,4.52876167,1.544556215,2.932079537,0.003367005,0.01362127
Zm00001d019150,14.63594375,4.589815927,1.742266153,2.634394244,0.008428756,0.02942492
Zm00001d040130,14.90046716,4.617137258,1.372938253,3.362960604,0.000771114,0.003892037
Zm00001d002231,8.028582285,4.719710743,1.619923132,2.91353994,0.003573561,0.014302267
Zm00001d019513,25.9230078,4.8279371,0.947462358,5.095650565,3.48E-07,4.53E-06
Zm00001d002136,18.3957845,4.842677596,1.22281049,3.960284636,7.49E-05,0.000519924
Zm00001d033731,8.839471169,4.85497505,1.657179517,2.929661513,0.003393314,0.013707578
Zm00001d042723,17.53392043,4.864552889,1.672980355,2.907716683,0.00364078,0.01452037
Zm00001d018788,18.03276491,4.896783017,1.300234682,3.766076298,0.000165833,0.001036979
Zm00001d035978,18.6938686,4.946930634,1.350826564,3.662150838,0.000250107,0.001479343
Zm00001d027589,19.2156501,4.995968813,1.431386557,3.490300218,0.000482478,0.002588676
Zm00001d011686,9.915443691,5.02265554,1.415176203,3.54913793,0.000386495,0.002143899
Zm00001d051958,20.27296978,5.070646341,1.26409192,4.011295588,6.04E-05,0.000430445
Zm00001d050091,21.38240225,5.150619414,1.315251078,3.916073137,9.00E-05,0.000611637
Zm00001d033507,17.6073761,5.279060794,1.38066944,3.823551562,0.000131543,0.000848465
Zm00001d020353,23.72436337,5.302055963,1.206019476,4.396326981,1.10E-05,9.58E-05
Zm00001d002558,18.29147372,5.335568814,1.340766958,3.979490085,6.91E-05,0.000483427
Zm00001d003390,25.63030401,5.41518504,1.187847836,4.558820476,5.14E-06,4.86E-05
Zm00001d044476,3.759249871,5.502265953,2.250923306,2.444448435,0.014507382,0.046231125
Zm00001d019763,3.871234392,5.545614631,2.229034106,2.487900305,0.012849975,0.041788615
zma-MIR156j,3.909339802,5.550668823,2.23641676,2.481947427,0.013066655,0.04237052
Zm00001d029080,42.05963787,5.555602114,1.143645778,4.857799698,1.19E-06,1.34E-05
Zm00001d006575,3.94753744,5.572646716,2.260036116,2.465733479,0.013673303,0.044031464
Zm00001d039210,4.169724913,5.642359287,2.207285152,2.556243937,0.010580891,0.035585468
Zm00001d053109,4.171506483,5.654178814,2.18327289,2.589771915,0.009603954,0.032839152
Zm00001d010737,4.247717303,5.664967342,2.265929054,2.500063862,0.012417092,0.04058991
Zm00001d031840,4.249498873,5.675454334,2.154186181,2.634616443,0.008423241,0.029415831
Zm00001d048164,4.327491263,5.696580615,2.172269061,2.622410233,0.008731027,0.030322984
Zm00001d005786,8.636454294,5.703527876,1.734462169,3.288355306,0.001007746,0.00489405
Zm00001d048910,4.346222785,5.709107132,2.192599029,2.603808109,0.009219436,0.031741983
Zm00001d005787,8.778960035,5.727796208,1.716241396,3.337407092,0.00084564,0.004209864
Zm00001d017785,4.424215175,5.730071195,2.214251677,2.587813867,0.009658716,0.03298175
Zm00001d016045,4.460631243,5.738384324,2.184239121,2.627177707,0.008609636,0.029975512
Zm00001d007025,4.485257613,5.748865466,2.142483644,2.683271577,0.007290576,0.02596288
Zm00001d010218,4.566720916,5.776535964,2.198347786,2.627671564,0.008597148,0.02993692
Zm00001d052107,4.566813144,5.78920067,2.237907486,2.586881141,0.009684899,0.033045099
Zm00001d014613,4.571973399,5.79108243,2.371809409,2.4416306,0.014621099,0.046534327
Zm00001d020291,4.705755744,5.81475534,2.158951538,2.693323699,0.007074355,0.025326792
Zm00001d027031,4.690587363,5.823414033,2.140607027,2.720449835,0.006519316,0.023678126
Zm00001d022036,4.773740007,5.845986854,2.156339068,2.711070324,0.00670664,0.024248068
Zm00001d046537,4.838895723,5.853793513,2.187974789,2.675439198,0.007463141,0.0264469
Zm00001d002959,4.817832494,5.862634845,2.110673408,2.777613449,0.005475972,0.020424715
Zm00001d043232,4.903409074,5.87690946,2.094513739,2.805858635,0.00501827,0.018962171
Zm00001d002700,4.882345845,5.885434635,2.210403886,2.662605993,0.007753815,0.027336323
Zm00001d052296,4.956775093,5.887666265,2.220611364,2.651371761,0.008016555,0.028131731
Zm00001d027395,4.973817274,5.899710787,2.088649018,2.824653992,0.00473317,0.018063163
Zm00001d021685,53.51019429,5.904651145,1.042845681,5.662056482,1.50E-08,2.63E-07
Zm00001d053020,5.028872635,5.907438127,2.217713876,2.663751258,0.007727468,0.027262464
Zm00001d045530,5.024759357,5.915840163,2.091375273,2.828684186,0.00467398,0.017875166
Zm00001d032224,5.09274362,5.943920278,2.231024533,2.664211079,0.007716912,0.027234734
Zm00001d046141,5.118104585,5.950327184,2.080587866,2.859925929,0.0042374,0.016478233
Zm00001d023603,5.152004488,5.952703588,2.109225832,2.82222202,0.004769215,0.018173263
Zm00001d025821,5.203681165,5.96382222,2.046519129,2.914129721,0.003566817,0.014284705
Zm00001d047173,5.178412429,5.969909502,2.162441861,2.760726016,0.005767304,0.021348462
Zm00001d022104,5.336913374,6.00991842,2.118592056,2.836751135,0.004557512,0.017516312
Zm00001d037140,5.347968476,6.012518004,2.024988458,2.969161617,0.002986135,0.012300457
Zm00001d051343,5.357334237,6.017223595,2.057019984,2.92521397,0.003442195,0.013866987
Zm00001d053699,5.399645154,6.023282935,2.076410055,2.900815724,0.003721927,0.014788658
Zm00001d034611,5.494495266,6.034544509,2.284213273,2.641848106,0.008245503,0.028844983
Zm00001d031991,5.433637285,6.036826357,2.059768146,2.930828098,0.003380598,0.013665372
Zm00001d021448,5.554895339,6.060708531,2.077542544,2.917248818,0.003531339,0.014165083
Zm00001d045679,5.684564406,6.087765094,2.047890337,2.972700728,0.002951921,0.012192666
Zm00001d016172,5.63645087,6.092362045,2.111151429,2.885800593,0.003904194,0.015369818
Zm00001d037729,5.699917245,6.102020116,2.039299374,2.992213989,0.002769621,0.011553045
Zm00001d015334,5.840549186,6.123220209,2.201131664,2.78185095,0.005404986,0.020197227
Zm00001d047035,5.785586054,6.12475527,2.112886147,2.898762567,0.003746385,0.014865145
Zm00001d047900,5.899259917,6.150883648,1.956895626,3.14318432,0.001671206,0.007512989
Zm00001d008151,5.893365069,6.151835347,1.960538276,3.13782976,0.001702037,0.007633477
Zm00001d004448,5.931470478,6.155320127,1.950618622,3.155573343,0.00160183,0.00725166
Zm00001d004689,5.998315536,6.162174396,2.176544908,2.831172641,0.004637768,0.017766192
Zm00001d022035,5.937457555,6.164490224,2.059679649,2.992936415,0.002763073,0.011533671
Zm00001d027337,6.092707741,6.198849267,1.968177813,3.149537215,0.001635293,0.007376706
Zm00001d014149,6.092707741,6.198849267,1.968177813,3.149537215,0.001635293,0.007376706
Zm00001d001916,6.174905637,6.215382416,1.938415196,3.206424728,0.001343955,0.006255209
Zm00001d015202,6.252805798,6.222643279,2.094507689,2.970933604,0.00296896,0.012249686
Zm00001d048309,6.337832242,6.254599597,1.961688624,3.188375322,0.001430747,0.006600382
Zm00001d006450,6.484543489,6.288737436,1.903458805,3.303847407,0.000953677,0.00466285
Zm00001d010611,6.602422859,6.313155459,1.889692085,3.340838177,0.000835259,0.004163793
Zm00001d048229,6.629473166,6.315437712,2.036486347,3.101144145,0.001927744,0.008492442
Zm00001d015448,6.674428172,6.320361127,2.071618797,3.050928644,0.002281348,0.009792575
Zm00001d020683,6.72788642,6.334113035,1.905657437,3.323846623,0.00088785,0.004388429
Zm00001d029869,13.46008941,6.353483162,1.616069034,3.93144292,8.44E-05,0.000577962
Zm00001d036118,6.783126238,6.356318837,1.954648878,3.251898031,0.001146371,0.005469128
Zm00001d013600,6.916266218,6.382882539,1.944550133,3.282446891,0.001029104,0.004978628
Zm00001d027766,7.086777013,6.415287552,1.860545666,3.448067773,0.000564612,0.00297356
Zm00001d019474,7.224030271,6.434156416,1.918647373,3.353485642,0.000798006,0.004008411
Zm00001d026237,7.220009221,6.448326228,1.944115645,3.316842928,0.000910408,0.00448384
Zm00001d019116,7.255598466,6.448767674,1.962230883,3.286446936,0.001014599,0.004920236
Zm00001d032539,65.79783674,6.466304055,1.001134964,6.458973356,1.05E-10,2.74E-09
Zm00001d020826,7.327788236,6.469508015,1.939030124,3.336465965,0.000848508,0.004221751
Zm00001d004497,7.402952079,6.469587587,2.012400372,3.214861056,0.001305077,0.006105197
Zm00001d012376,7.514936601,6.490901218,1.93320746,3.357581301,0.000786276,0.003956707
Zm00001d002519,7.470293977,6.497359554,1.936184811,3.355753808,0.00079149,0.003980961
Zm00001d020416,7.552399645,6.503724891,1.853964717,3.508008987,0.000451474,0.002444394
Zm00001d010179,7.579449951,6.505416255,1.865640737,3.486960874,0.000488543,0.002616121
Zm00001d012081,7.651547493,6.518221387,1.865318135,3.494428787,0.000475077,0.002553488
Zm00001d031911,7.704271146,6.534489622,1.866463193,3.501001062,0.000463514,0.002500204
Zm00001d014089,7.678047663,6.5371183,1.926937633,3.392490855,0.000692602,0.00355136
Zm00001d043447,7.734884594,6.547382667,1.879490748,3.483593986,0.000494729,0.002643824
Zm00001d032042,7.784779701,6.5495694,1.839018653,3.561448053,0.000368815,0.002058261
Zm00001d007967,7.871495487,6.573683439,1.922459619,3.419413014,0.000627564,0.00325532
Zm00001d004882,7.900235135,6.574686104,1.807083766,3.63828519,0.000274459,0.001598066
Zm00001d053785,7.932537925,6.584549943,1.912353806,3.443165132,0.000574948,0.003019599
Zm00001d006132,7.984214602,6.592387641,1.892263728,3.483863028,0.000494232,0.00264192
Zm00001d053817,8.017159757,6.593583014,2.067683699,3.188874109,0.001428281,0.006591011
Zm00001d012976,8.04790113,6.60187931,1.917652906,3.442687302,0.000575965,0.003024414
Zm00001d015242,8.147783572,6.613391758,1.816837897,3.640056038,0.000272579,0.001589378
Zm00001d012859,8.13270742,6.617288855,2.732444242,2.421747077,0.015446097,0.048664839
Zm00001d029400,8.278499616,6.63994072,1.771477437,3.748250234,0.000178073,0.001103948
Zm00001d020627,8.39711358,6.657287512,1.940033681,3.431531925,0.000600182,0.003131508
Zm00001d028751,8.472589805,6.665002227,1.825947793,3.650160346,0.000262077,0.00153731
Zm00001d041457,8.621082623,6.695645688,1.802647444,3.714340101,0.000203735,0.00123797
Zm00001d000066,8.697293442,6.703041591,1.931647656,3.47011608,0.000520233,0.002760462
Zm00001d034778,9.150668469,6.787719923,2.634575436,2.576399913,0.00998351,0.033911265
Zm00001d029318,9.409914374,6.823038923,1.787850726,3.816335908,0.000135448,0.00086995
Zm00001d019831,9.422751048,6.82904877,1.734771821,3.936568883,8.27E-05,0.000566913
Zm00001d048774,9.433806151,6.830249089,1.729306912,3.949703226,7.82E-05,0.000539987
Zm00001d014146,9.502248322,6.834032562,2.712389501,2.519561648,0.011750106,0.038769211
Zm00001d036807,9.540538189,6.839448318,1.727993605,3.958028721,7.56E-05,0.000524017
Zm00001d015008,9.558535117,6.846848386,2.027285605,3.377347706,0.000731885,0.003726305
Zm00001d007971,9.725262617,6.861521213,1.877423717,3.654753666,0.000257429,0.001514204
Zm00001d021382,9.831260062,6.882313164,2.723664601,2.526857809,0.011508809,0.038118292
Zm00001d029803,70.52392393,6.885960749,1.043684999,6.597738548,4.17E-11,1.16E-09
Zm00001d003451,9.792696744,6.887277482,1.784289168,3.85995589,0.000113407,0.000744642
Zm00001d005905,9.939958128,6.896274472,1.754560832,3.93048468,8.48E-05,0.000579946
Zm00001d023605,10.00213977,6.916920408,1.730407635,3.997278021,6.41E-05,0.000453632
Zm00001d039713,10.08172927,6.919566502,1.817464638,3.807263347,0.000140513,0.000899622
Zm00001d026321,10.1023346,6.932874013,1.812315248,3.825423871,0.000130547,0.000843252
Zm00001d044895,10.25297466,6.941128051,1.854657983,3.742538039,0.000182171,0.001123839
Zm00001d044317,10.3844253,6.958868023,1.746609839,3.984214371,6.77E-05,0.000475676
Zm00001d028873,10.46767017,6.974509441,1.720081547,4.05475511,5.02E-05,0.000365916
Zm00001d011246,10.57572588,6.996309236,2.570829621,2.721420813,0.006500196,0.023631334
Zm00001d006828,10.65522315,7.00242549,1.903102788,3.679478341,0.000233712,0.001396051
Zm00001d038282,10.76698752,7.015495084,1.748443767,4.012422486,6.01E-05,0.000428596
Zm00001d033832,10.94526696,7.045074523,1.696168902,4.153521808,3.27E-05,0.000251026
Zm00001d044620,10.99022197,7.047415355,1.678602903,4.19838149,2.69E-05,0.000211087
Zm00001d028160,11.17924413,7.070224043,1.689097681,4.185799391,2.84E-05,0.000221692
Zm00001d014485,11.32755249,7.084352639,1.753438123,4.040263838,5.34E-05,0.000385568
Zm00001d043419,11.46521036,7.107534447,1.702254632,4.175365021,2.98E-05,0.000230737
Zm00001d053829,11.41709682,7.108295371,1.795808098,3.958271143,7.55E-05,0.000523845
Zm00001d037003,11.50678668,7.11258086,1.795441495,3.961466236,7.45E-05,0.000517713
Zm00001d048773,11.54142118,7.113019188,1.777774725,4.001080164,6.31E-05,0.000447042
Zm00001d026222,11.46781875,7.11416343,1.713764119,4.151191725,3.31E-05,0.000253212
Zm00001d021009,11.63992666,7.128456794,1.768615123,4.030530273,5.57E-05,0.000400173
Zm00001d017583,11.77306664,7.144117851,1.745749599,4.092292421,4.27E-05,0.000318159
Zm00001d034976,11.94956451,7.167493483,1.76801591,4.053975669,5.04E-05,0.000366962
Zm00001d052627,12.11058162,7.186728102,1.668664691,4.306873719,1.66E-05,0.000137906
Zm00001d001838,12.1481369,7.198315277,1.753991733,4.103961918,4.06E-05,0.000304239
Zm00001d025684,12.30142105,7.205802508,1.842653558,3.9105574,9.21E-05,0.000623816
Zm00001d045107,12.577159,7.239757967,1.647686607,4.393892587,1.11E-05,9.67E-05
Zm00001d025192,12.72218091,7.257994128,1.599216415,4.538469003,5.67E-06,5.29E-05
Zm00001d028266,12.85860734,7.267708488,1.755552628,4.139840852,3.48E-05,0.000264868
Zm00001d018190,14.51417101,7.441248803,1.77307902,4.196794796,2.71E-05,0.00021235
Zm00001d043384,14.73430346,7.474947653,1.575884449,4.743334867,2.10E-06,2.22E-05
Zm00001d035854,14.96526762,7.484379972,1.794545608,4.170626781,3.04E-05,0.000235172
Zm00001d030824,15.62904042,7.554119986,1.607339845,4.699765272,2.60E-06,2.68E-05
Zm00001d052005,16.33861265,7.618673559,2.497027389,3.051097314,0.002280067,0.009788462
Zm00001d021851,16.4167895,7.626797621,2.526210928,3.019066039,0.002535553,0.010716785
Zm00001d022167,16.43500658,7.632825835,1.554580597,4.909893929,9.11E-07,1.06E-05
Zm00001d004973,16.59688621,7.644097158,1.510708914,5.059940461,4.19E-07,5.37E-06
Zm00001d033961,16.81191171,7.659986397,2.488826809,3.077749873,0.002085699,0.009069649
Zm00001d039691,17.02842448,7.67494077,1.543401652,4.972743653,6.60E-07,8.01E-06
Zm00001d044074,16.99219287,7.679480518,1.51562298,5.066880497,4.04E-07,5.21E-06
Zm00001d018474,17.29857997,7.704699598,1.680251622,4.585443929,4.53E-06,4.34E-05
Zm00001d040396,17.44899988,7.708479121,1.566579318,4.920580165,8.63E-07,1.01E-05
Zm00001d050705,18.00115384,7.754211789,1.789529371,4.333101159,1.47E-05,0.000124057
Zm00001d025881,18.20740264,7.773074488,1.515478506,5.129122226,2.91E-07,3.86E-06
Zm00001d053769,18.67060134,7.809901453,1.481544336,5.271459829,1.35E-07,1.93E-06
Zm00001d011431,18.7508332,7.810762746,1.642109942,4.756540682,1.97E-06,2.10E-05
Zm00001d039774,19.53162286,7.878308926,1.467977557,5.366777501,8.02E-08,1.20E-06
Zm00001d035434,20.70977419,7.962112865,1.447719914,5.499760548,3.80E-08,6.12E-07
Zm00001d048783,21.08785422,7.982838912,1.518255308,5.257902852,1.46E-07,2.07E-06
Zm00001d053135,21.12454697,7.99201742,1.469363299,5.439102381,5.35E-08,8.33E-07
Zm00001d011009,22.22735,8.065064111,1.4697789,5.487263499,4.08E-08,6.52E-07
Zm00001d006366,23.18825397,8.126425814,1.433085863,5.670578452,1.42E-08,2.51E-07
Zm00001d052124,23.24002287,8.130991907,1.483071281,5.482536145,4.19E-08,6.69E-07
Zm00001d017101,23.42953864,8.133432226,1.569835559,5.181072745,2.21E-07,3.01E-06
Zm00001d002746,23.41811786,8.140418824,1.425944674,5.708790088,1.14E-08,2.05E-07
Zm00001d008886,24.15518071,8.183519479,1.415227493,5.78247633,7.36E-09,1.38E-07
Zm00001d017669,24.52248231,8.207272846,1.4252321,5.758551779,8.48E-09,1.57E-07
Zm00001d031807,25.03744991,8.239113278,1.449412789,5.684449136,1.31E-08,2.33E-07
Zm00001d051936,25.30839329,8.247683976,1.493871933,5.521011403,3.37E-08,5.49E-07
Zm00001d030984,26.11024617,8.297610079,1.468763309,5.649385457,1.61E-08,2.80E-07
Zm00001d016794,26.57289473,8.326294331,1.529502083,5.443794044,5.22E-08,8.14E-07
Zm00001d011117,27.95855876,8.393240911,1.553671076,5.402199373,6.58E-08,1.01E-06
Zm00001d048010,28.85676664,8.439710642,2.327169784,3.626598583,0.000287179,0.001662995
Zm00001d026140,59.05849071,8.509805065,1.296897743,6.56166233,5.32E-11,1.45E-09
Zm00001d004467,33.90049851,8.676389374,1.383980344,6.269156503,3.63E-10,8.54E-09
Zm00001d043071,34.45000838,8.698284184,1.360361396,6.394098077,1.61E-10,4.08E-09
Zm00001d027038,34.64935105,8.706461388,1.360134873,6.401175031,1.54E-10,3.91E-09
Zm00001d002100,37.23716802,8.802705361,1.475783005,5.964769437,2.45E-09,4.97E-08
Zm00001d044748,71.0061269,9.741680479,1.287481576,7.566462046,3.84E-14,1.70E-12
Zm00001d043484,100.452936,10.24249635,1.28351993,7.980005692,1.46E-15,7.76E-14
